family,n,algorithm,feasible,seconds,states
signed_small,8,brute,False,0.000165,256
signed_small,8,dp,False,0.000867,14184
signed_small,8,mitm,False,0.000013,32
signed_small,8,ss,False,0.000024,18
signed_small,12,brute,False,0.004615,4096
signed_small,12,dp,False,0.002199,30444
signed_small,12,mitm,False,0.000039,128
signed_small,12,ss,False,0.000086,104
signed_small,16,brute,False,0.114102,65536
signed_small,16,dp,False,0.004373,58960
signed_small,16,mitm,False,0.000206,512
signed_small,16,ss,False,0.000382,483
signed_small,20,dp,False,0.009878,92660
signed_small,20,mitm,False,0.000794,2048
signed_small,20,ss,False,0.001580,2036
signed_small,24,dp,False,0.011099,140856
signed_small,24,mitm,False,0.004311,8192
signed_small,24,ss,False,0.006404,7948
signed_small,28,dp,False,0.010185,120204
signed_small,28,mitm,False,0.031866,32768
signed_small,28,ss,False,0.039568,32684
signed_small,32,dp,False,0.018348,193440
signed_small,32,mitm,False,0.123531,131072
signed_small,32,ss,False,0.151866,130967
signed_small,36,dp,False,0.022529,259668
signed_small,36,mitm,False,0.602745,524288
signed_small,36,ss,False,0.636243,506013
wide_random,8,brute,False,0.000200,256
wide_random,8,mitm,False,0.000013,32
wide_random,8,ss,False,0.000032,31
wide_random,12,brute,False,0.004835,4096
wide_random,12,mitm,False,0.000046,128
wide_random,12,ss,False,0.000106,126
wide_random,16,brute,False,0.113493,65536
wide_random,16,mitm,False,0.000192,512
wide_random,16,ss,False,0.000383,499
wide_random,20,mitm,False,0.000987,2048
wide_random,20,ss,False,0.001685,2046
wide_random,24,mitm,False,0.004651,8192
wide_random,24,ss,False,0.006920,8177
wide_random,28,mitm,False,0.030374,32768
wide_random,28,ss,False,0.031067,31216
wide_random,32,mitm,False,0.140811,131072
wide_random,32,ss,False,0.150717,131067
wide_random,36,mitm,False,0.689858,524288
wide_random,36,ss,False,0.670180,524286
