family,n,algorithm,peak_kib
signed_small,8,dp,28.1
signed_small,8,mitm,1.0
signed_small,8,ss,1.2
signed_small,12,dp,51.6
signed_small,12,mitm,3.3
signed_small,12,ss,2.2
signed_small,16,dp,77.9
signed_small,16,mitm,17.2
signed_small,16,ss,4.4
signed_small,20,dp,101.9
signed_small,20,mitm,119.7
signed_small,20,ss,9.4
signed_small,24,dp,130.8
signed_small,24,mitm,891.9
signed_small,24,ss,19.4
signed_small,28,dp,96.2
signed_small,28,mitm,3855.4
signed_small,28,ss,35.9
signed_small,32,dp,136.4
signed_small,32,mitm,15352.9
signed_small,32,ss,71.2
wide_random,8,mitm,1.6
wide_random,8,ss,1.8
wide_random,12,mitm,5.8
wide_random,12,ss,2.9
wide_random,16,mitm,23.2
wide_random,16,ss,5.5
wide_random,20,mitm,146.5
wide_random,20,ss,11.4
wide_random,24,mitm,963.3
wide_random,24,ss,22.5
wide_random,28,mitm,4228.4
wide_random,28,ss,44.0
wide_random,32,mitm,17289.8
wide_random,32,ss,87.8
