family,n,algorithm,seconds,states
bounded,8,brute,0.000273982999715372,256
bounded,8,dp,0.000730337000277359,7016
bounded,8,mitm,3.183599983458407e-05,32
bounded,8,ss,5.702199996449053e-05,18
bounded,12,brute,0.004423563999807811,4096
bounded,12,dp,0.001161631999821111,17100
bounded,12,mitm,3.841200032184133e-05,128
bounded,12,ss,8.092900043266127e-05,97
bounded,16,brute,0.11677754900028958,65536
bounded,16,dp,0.0019815449995803647,29520
bounded,16,mitm,0.0001615999999557971,512
bounded,16,ss,0.00036277099934522994,479
bounded,20,dp,0.003330607999487256,46500
bounded,20,mitm,0.0012810019998141797,2048
bounded,20,ss,0.001701578999927733,2038
bounded,24,dp,0.005293666999932611,70680
bounded,24,mitm,0.0038233149998632143,8192
bounded,24,ss,0.0064940669999487,7914
bounded,28,dp,0.004813567999917723,60396
bounded,28,mitm,0.02399808399968606,32768
bounded,28,ss,0.03333417699923302,32647
bounded,32,dp,0.00856060600017372,96928
bounded,32,mitm,0.10246441000072082,131072
bounded,32,ss,0.15955479300009756,131000
sparse,8,brute,0.00020517099983408116,256
sparse,8,mitm,1.2495999726525042e-05,32
sparse,8,ss,3.195899989805184e-05,31
sparse,12,brute,0.004902192000372452,4096
sparse,12,mitm,4.8068000069179107e-05,128
sparse,12,ss,0.00011312399965390796,126
sparse,16,brute,0.13330142500035436,65536
sparse,16,mitm,0.00045486499948310666,512
sparse,16,ss,0.0004054450000694487,499
sparse,20,mitm,0.0009961329997167923,2048
sparse,20,ss,0.003120683000815916,2046
sparse,24,mitm,0.00531908800076053,8192
sparse,24,ss,0.010426492000078724,8177
sparse,28,mitm,0.030234034999921278,32768
sparse,28,ss,0.0328345640000407,31216
sparse,32,mitm,0.16253873700043187,131072
sparse,32,ss,0.1516893030002393,131067
